{
  "XGBoost": {
    "accuracy": 0.968340117593849,
    "roc_auc": 0.9967920555712132,
    "f1_phish": 0.9718423169750603
  },
  "ANN_MLP": {
    "accuracy": 0.9638172772501131,
    "roc_auc": 0.9951126510718016,
    "f1_phish": 0.967741935483871
  }
}